{"0-1": 0.5, "2-3": 1.0, "4-5": 0.0, "1-2": 0.4, "2-5": 0.16666666666666666, "6-7": 0.4, "8-9": 0.0, "10-11": 0.5, "12-13": 0.0, "14-15": 1.0, "6-13": 0.0, "9-14": 0.5, "7-10": 1.0, "11-12": 1.0, "8-15": 0.5, "16-17": 0.6, "18-19": 1.0, "20-21": 0.25, "22-23": 0.5, "24-25": 0.4, "6-12": 0.5, "7-8": 0.0, "13-15": 1.0, "10-14": 0.0, "9-11": 0.75, "26-27": 1.0, "28-29": 1.0, "30-31": 0.3333333333333333, "32-33": 0.0, "34-35": 0.5, "36-37": 1.0, "38-39": 1.0, "40-41": 0.5, "42-43": 0.6, "44-45": 0.4, "46-47": 0.0, "48-49": 0.5, "50-51": 0.5, "52-53": 0.0, "32-35": 0.5, "54-55": 0.0, "56-57": 1.0, "58-59": 0.5, "36-38": 1.0, "60-61": 1.0, "62-63": 1.0, "64-65": 0.0, "34-39": 1.0, "66-67": 1.0, "68-69": 0.5, "70-71": 0.5, "33-37": 0.0, "72-73": 0.5, "74-75": 0.0, "76-77": 0.5, "43-78": 0.75, "40-79": 0.25, "17-25": 0.5, "20-24": 0.4, "16-21": 0.6666666666666666, "80-81": 0.25, "82-83": 0.25, "56-72": 1.0, "49-65": 0.5, "53-74": 0.5, "61-73": 0.5, "48-71": 0.5, "62-75": 0.0, "57-67": 0.5, "64-76": 0.5, "52-55": 1.0, "51-66": 0.0, "58-70": 0.5, "54-68": 0.0, "50-60": 1.0, "59-77": 0.5, "63-69": 1.0, "78-84": 0.6, "41-42": 0.5, "28-30": 0.5, "29-31": 0.3333333333333333, "44-85": 0.5, "86-87": 0.6, "47-88": 0.75, "89-90": 0.25, "80-83": 0.5, "45-46": 0.5, "91-92": 0.5, "93-94": 0.5, "95-96": 0.42857142857142855, "97-98": 0.25, "8-12": 1.0, "99-100": 1.0, "9-15": 0.5, "101-102": 0.5, "7-14": 0.3333333333333333, "103-104": 0.5, "6-11": 1.0, "105-106": 0.5, "10-13": 0.5, "107-108": 0.5, "109-110": 1.0, "111-112": 0.5, "113-114": 1.0, "115-116": 0.5, "117-118": 0.0, "119-120": 0.5, "85-88": 1.0, "92-97": 0.75, "81-82": 0.6666666666666666, "86-89": 1.0, "121-122": 0.5, "87-90": 1.0, "91-96": 0.5, "123-124": 0.5, "95-98": 0.5, "6-14": 0.3333333333333333, "102-103": 0.5, "8-11": 0.5, "106-109": 1.0, "7-15": 1.0, "100-101": 1.0, "9-13": 0.0, "104-105": 1.0, "10-12": 0.0, "107-114": 1.0, "99-110": 1.0, "108-111": 0.5, "113-116": 0.5, "112-115": 1.0, "125-126": 1.0, "127-128": 0.3333333333333333, "28-31": 1.0, "22-129": 0.5, "3-5": 1.0, "16-20": 0.6, "18-23": 1.0, "130-131": 0.3333333333333333, "24-29": 0.3333333333333333, "6-9": 0.0, "11-13": 1.0, "8-14": 1.0, "7-12": 1.0, "10-15": 1.0, "19-27": 0.5, "17-30": 0.5, "132-133": 1.0, "26-134": 0.6, "21-25": 0.5, "135-136": 0.5, "137-138": 1.0, "139-140": 1.0, "35-37": 0.5, "141-142": 1.0, "143-144": 0.0, "145-146": 0.0, "147-148": 0.5, "149-150": 0.5, "32-34": 0.5, "151-152": 1.0, "153-154": 0.5, "33-38": 0.5, "155-156": 0.0, "157-158": 0.5, "36-39": 1.0, "159-160": 0.5, "40-42": 0.75, "41-78": 0.5714285714285714, "83-85": 0.4, "4-161": 0.5, "82-88": 0.3333333333333333, "162-163": 0.5, "32-39": 1.0, "50-56": 0.5, "59-76": 0.0, "164-165": 1.0, "52-74": 1.0, "141-154": 0.0, "33-36": 0.5, "70-77": 0.5, "66-72": 1.0, "69-75": 0.5, "166-167": 1.0, "142-150": 0.0, "61-67": 0.5, "49-64": 0.0, "53-62": 1.0, "168-169": 0.5, "35-38": 0.0, "153-158": 0.5, "57-73": 0.5, "170-171": 0.5, "65-71": 0.5, "55-68": 0.0, "51-60": 0.0, "149-157": 0.5, "48-58": 1.0, "54-63": 0.0, "78-79": 0.6, "42-84": 0.3333333333333333, "17-31": 0.0, "21-30": 1.0, "24-28": 0.6666666666666666, "45-81": 0.25, "94-172": 1.0, "1-173": 0.5, "123-174": 0.5, "46-80": 0.0, "0-175": 0.0, "93-176": 1.0, "122-177": 0.25, "178-179": 1.0, "167-168": 0.5, "70-76": 0.5, "51-61": 0.5, "63-75": 0.0, "180-181": 1.0, "165-169": 0.5, "57-72": 0.5, "151-159": 0.5, "182-183": 0.6666666666666666, "59-64": 0.5, "52-69": 1.0, "184-185": 0.0, "166-171": 0.5, "186-187": 1.0, "48-77": 0.0, "56-66": 1.0, "146-155": 0.0, "188-189": 0.0, "190-191": 0.5, "53-68": 1.0, "192-193": 0.5, "60-73": 0.5, "164-170": 0.0, "156-160": 1.0, "194-195": 0.5, "49-71": 0.5, "55-74": 0.0, "50-67": 0.5, "196-197": 0.5, "145-152": 1.0, "58-65": 0.5, "198-199": 0.5, "54-62": 1.0, "79-84": 0.25, "40-43": 0.42857142857142855, "16-29": 0.0, "20-25": 1.0, "133-135": 0.5, "47-82": 0.6, "87-89": 1.0, "132-136": 0.5, "124-200": 0.4, "86-90": 0.6666666666666666, "44-83": 0.6666666666666666, "5-130": 0.5, "121-201": 0.0, "137-144": 0.5, "138-147": 1.0, "178-180": 0.5, "140-143": 0.5, "179-184": 0.5, "193-196": 1.0, "139-148": 1.0, "183-197": 1.0, "181-191": 0.5, "198-202": 1.0, "187-192": 0.5, "185-190": 0.5, "189-203": 0.5, "182-186": 1.0, "194-199": 0.5, "188-195": 1.0, "204-205": 0.0, "46-81": 0.3333333333333333, "206-207": 1.0, "4-163": 0.5, "208-209": 1.0, "91-95": 0.5, "210-211": 1.0, "93-172": 0.6, "161-162": 0.6666666666666666, "212-213": 0.0, "45-88": 0.8, "123-177": 0.6, "92-98": 0.625, "214-215": 1.0, "216-217": 0.5, "218-219": 1.0, "94-176": 0.25, "3-131": 0.5, "96-97": 0.5, "122-174": 0.5, "6-15": 1.0, "100-103": 0.0, "101-106": 0.5, "9-12": 0.6666666666666666, "104-110": 0.5, "11-14": 0.75, "99-105": 1.0, "7-13": 1.0, "102-109": 0.5, "8-10": 1.0, "111-115": 0.5, "108-112": 0.0, "107-113": 1.0, "114-116": 1.0, "118-119": 0.5, "220-221": 0.5, "44-80": 0.3333333333333333, "212-219": 0.75, "215-222": 0.0, "173-175": 0.5, "96-98": 0.5714285714285714, "209-216": 1.0, "207-211": 0.0, "47-85": 0.0, "213-218": 0.6666666666666666, "121-124": 0.4, "92-95": 0.5714285714285714, "208-214": 0.5, "0-132": 0.5, "206-217": 1.0, "91-97": 0.5, "200-201": 0.25, "205-210": 1.0, "12-15": 0.5, "99-104": 0.5, "6-8": 0.0, "102-106": 0.5, "105-110": 0.5, "7-11": 0.75, "100-109": 1.0, "13-14": 1.0, "108-115": 0.5, "101-103": 0.5, "9-10": 1.0, "111-114": 1.0, "112-113": 1.0, "107-116": 0.5, "120-126": 0.5, "128-220": 0.6666666666666666, "25-30": 0.5, "209-212": 0.5, "210-214": 0.2, "18-27": 0.5, "21-28": 0.25, "211-215": 0.8333333333333334, "206-218": 0.5, "133-136": 0.3333333333333333, "19-129": 0.5, "204-216": 1.0, "16-31": 0.6, "207-208": 1.0, "205-213": 1.0, "5-135": 1.0, "217-219": 0.6, "8-13": 1.0, "6-10": 0.0, "11-15": 1.0, "7-9": 0.0, "12-14": 0.6666666666666666, "217-218": 0.5, "209-213": 0.5, "22-26": 0.8333333333333334, "204-207": 0.8, "205-208": 0.0, "17-24": 0.6666666666666666, "130-162": 0.5, "211-219": 0.4, "214-216": 0.75, "20-29": 1.0, "131-161": 1.0, "143-148": 1.0, "137-140": 1.0, "35-36": 0.5, "150-153": 1.0, "139-147": 0.5, "32-37": 0.0, "146-160": 0.0, "138-144": 0.5, "141-158": 1.0, "33-39": 0.5, "151-156": 1.0, "142-149": 0.5, "34-38": 0.5, "152-159": 0.5, "154-157": 1.0, "145-155": 0.5, "42-79": 0.75, "41-43": 0.25, "207-213": 0.75, "81-88": 1.0, "1-163": 0.5, "205-216": 0.6666666666666666, "80-82": 1.0, "2-4": 0.5, "37-39": 1.0, "50-61": 0.5, "65-77": 1.0, "164-171": 0.0, "142-157": 0.5, "52-62": 0.5, "67-72": 0.5, "69-74": 0.5, "33-35": 0.5, "150-154": 0.5, "64-71": 0.0, "51-57": 0.5, "223-224": 0.5, "32-38": 1.0, "53-54": 0.5, "141-153": 1.0, "165-168": 0.5, "49-58": 1.0, "56-73": 0.5, "34-36": 0.5, "149-158": 0.5, "63-68": 0.5, "167-170": 0.5, "225-226": 0.5, "59-70": 0.0, "60-66": 0.5, "55-75": 0.5, "227-228": 1.0, "48-76": 1.0, "41-84": 0.25, "40-78": 0.6666666666666666, "16-25": 1.0, "29-30": 0.2, "24-31": 0.2, "217-229": 0.5, "216-230": 0.8333333333333334, "44-47": 0.5, "86-93": 0.6666666666666666, "132-175": 0.5, "123-201": 0.6, "207-231": 1.0, "45-83": 1.0, "0-173": 0.3333333333333333, "122-124": 0.5, "89-172": 1.0, "179-180": 1.0, "49-77": 0.5, "68-75": 0.5, "60-72": 1.0, "169-170": 0.0, "181-185": 0.5, "58-71": 0.5, "57-61": 0.0, "151-155": 0.0, "187-196": 0.0, "165-171": 0.0, "228-232": 0.5, "54-74": 1.0, "178-191": 0.5, "65-76": 0.5, "51-56": 0.5, "182-192": 0.0, "164-167": 0.5, "194-202": 0.5, "53-55": 0.0, "152-160": 0.0, "223-226": 0.0, "184-190": 0.0, "67-73": 0.5, "183-186": 0.0, "166-168": 0.0, "188-199": 0.5, "64-70": 1.0, "145-159": 0.5, "62-69": 1.0, "225-233": 1.0, "50-66": 0.0, "193-197": 0.0, "189-195": 0.5, "224-227": 0.0, "52-63": 0.0, "48-59": 0.0, "156-234": 0.0, "40-84": 0.25, "198-203": 1.0, "216-219": 1.0, "17-21": 0.5, "20-28": 0.6666666666666666, "205-207": 0.3333333333333333, "4-133": 0.6666666666666666, "46-88": 0.0, "207-216": 1.0, "90-176": 0.5, "136-162": 1.0, "207-217": 0.75, "121-200": 0.5, "81-85": 0.0, "213-219": 1.0, "87-94": 0.5, "135-161": 0.3333333333333333,