{
    "0": 483.10547515486167,
    "1": 380.2705420935644,
    "2": 657.8275058523101,
    "3": 661.659748441298,
    "4": 515.9269138272468,
    "5": 795.5463164848248,
    "6": 546.3074906104426,
    "8": 367.5567124617167,
    "10": 423.1767593481131,
    "12": 480.01982254967766,
    "14": 535.9885961090597,
    "13": 410.0082549865495,
    "7": 741.9172322441055,
    "11": 543.9260671604251,
    "16": 534.2172463529677,
    "17": 473.4736835770977,
    "18": 425.4312422354414,
    "20": 602.0470956716451,
    "21": 234.84119088594244,
    "22": 631.8359265770265,
    "23": 416.3634168880328,
    "24": 660.6818090001527,
    "25": 423.76039945671573,
    "15": 455.38604262361315,
    "9": 495.71302190629683,
    "26": 661.1999030418337,
    "28": 588.8113230334176,
    "29": 561.3555420921982,
    "30": 472.0310957094476,
    "31": 448.78061422041503,
    "32": 410.78508237949814,
    "34": 455.43694327402505,
    "36": 679.2950540311099,
    "38": 651.9347903766459,
    "40": 770.8511662410158,
    "42": 248.40498875621597,
    "43": 528.8060854284076,
    "44": 316.7720176660816,
    "46": 814.611467863707,
    "47": 711.782058701203,
    "48": 637.9727170081038,
    "50": 372.5725118507206,
    "52": 549.2634253799368,
    "54": 311.0321159877825,
    "56": 483.69849728842337,
    "58": 399.16417418378455,
    "60": 529.7937588845466,
    "62": 544.2701150698056,
    "64": 578.5265753266735,
    "66": 584.4451219531602,
    "68": 480.86684531438743,
    "70": 248.61342517633153,
    "33": 454.31072100166045,
    "72": 336.4341016160188,
    "74": 429.96640960464055,
    "76": 398.6634734184425,
    "79": 348.0406178303393,
    "80": 273.1128054219359,
    "82": 547.8441701801298,
    "83": 380.31076273088627,
    "65": 567.364546754227,
    "73": 498.9541270206341,
    "71": 491.49241610703984,
    "75": 441.53511391692336,
    "67": 557.8940925832605,
    "51": 587.6192503463452,
    "59": 572.9090345300463,
    "63": 687.3947690539849,
    "78": 368.68003323569025,
    "84": 503.8428970970697,
    "41": 731.3742114112616,
    "85": 661.7374805141686,
    "86": 600.2641644728521,
    "89": 240.16119450638377,
    "90": 577.7045541687643,
    "45": 331.8191531183013,
    "91": 307.88763018975806,
    "93": 611.7543681319784,
    "92": 365.6798365219292,
    "94": 488.98086545905363,
    "95": 764.7938252754407,
    "96": 686.5396513723446,
    "97": 434.41991353080715,
    "98": 379.69191482107806,
    "99": 565.1628284972508,
    "101": 584.6840576731832,
    "103": 451.4298267715413,
    "105": 544.6709692263618,
    "107": 496.3407897713711,
    "109": 587.973355503191,
    "111": 590.3107408595937,
    "113": 587.5058120689487,
    "115": 476.1620465898242,
    "117": 450.9560571959945,
    "119": 492.348829744995,
    "120": 462.44518694913234,
    "81": 540.6447662760937,
    "121": 448.88811557572586,
    "87": 688.0315000789145,
    "122": 515.4483969655334,
    "123": 577.0260558329717,
    "124": 615.6072847907282,
    "102": 509.1591466812449,
    "106": 327.2342989045234,
    "100": 513.1141828250825,
    "104": 373.67065745783225,
    "110": 542.9006764597892,
    "108": 537.7938518708518,
    "116": 408.53971447418445,
    "112": 457.9698413419627,
    "125": 489.6366471945273,
    "127": 461.2347634538037,
    "129": 371.4545193431913,
    "130": 388.30609011285094,
    "131": 358.7525864140659,
    "19": 375.99921113196444,
    "27": 451.4903790818318,
    "132": 459.78056471880245,
    "134": 551.3214419282458,
    "135": 434.2111894901556,
    "136": 662.2658790383465,
    "137": 538.4250068315397,
    "139": 450.90251833690337,
    "37": 449.63844669629844,
    "141": 466.29421183106246,
    "143": 366.82645806623634,
    "145": 395.14208558344075,
    "147": 513.9195976665169,
    "149": 596.8317038792779,
    "151": 578.8456112027369,
    "153": 593.8402316649799,
    "155": 420.61073897200095,
    "157": 495.72085478433735,
    "159": 313.7091579322094,
    "161": 353.3687413824804,
    "162": 341.60664567616857,
    "163": 536.9540337338693,
    "164": 545.5540608933326,
    "69": 459.75990449820677,
    "166": 625.7728064311335,
    "150": 432.35343950015283,
    "49": 610.7252602068273,
    "53": 609.8724276145327,
    "168": 465.28698777192557,
    "35": 315.74299595116014,
    "170": 492.1503557364709,
    "172": 612.1278860233288,
    "173": 494.6080446670608,
    "174": 203.8234561103439,
    "175": 433.6467402628985,
    "177": 676.4303688165485,
    "178": 504.8419897221205,
    "61": 604.9577318724146,
    "180": 552.6849283495382,
    "165": 466.5884533005097,
    "182": 620.7010671177338,
    "184": 477.3309156108314,
    "186": 649.1329005338683,
    "188": 391.5687615916229,
    "190": 289.3800840333974,
    "192": 415.8346714751237,
    "160": 496.953301723086,
    "194": 309.64302538426006,
    "196": 338.9332767508955,
    "198": 731.7244295758292,
    "133": 542.1629826491951,
    "200": 435.0037628274025,
    "144": 697.6027447560812,
    "138": 552.0258011704649,
    "140": 444.3715020531706,
    "193": 643.0564613840739,
    "183": 568.0035268147999,
    "191": 585.1580868251697,
    "189": 427.7458539411265,
    "195": 481.6916410418732,
    "204": 449.0266400749073,
    "206": 558.6621562637821,
    "208": 569.9497143773002,
    "210": 600.4604053603475,
    "212": 311.4235060306724,
    "88": 421.3653175274933,
    "214": 514.984834409936,
    "216": 667.1008375512265,
    "218": 516.6925999523318,
    "176": 356.866655219798,
    "118": 656.2895127144221,
    "220": 624.62851171457,
    "221": 379.4141280333477,
    "215": 404.2030785986261,
    "211": 482.5363507842591,
    "114": 445.3772030232635,
    "126": 339.4543549337516,
    "128": 643.5920080654555,
    "209": 416.76090618307865,
    "205": 440.3929575492078,
    "217": 484.9927390574747,
    "213": 553.6646657876995,
    "207": 547.546685246752,
    "219": 533.4639659942422,
    "148": 435.9263711190868,
    "158": 639.3418208051114,
    "39": 582.8559662896021,
    "152": 543.683328055071,
    "171": 568.2291061069448,
    "142": 421.603001086657,
    "57": 443.6308065844756,
    "223": 522.1925041335804,
    "225": 325.1328674760226,
    "55": 486.0388735597987,
    "227": 705.2967365446208,
    "229": 549.2688141738276,
    "230": 522.6389465510916,
    "201": 527.7725590807461,
    "231": 357.92507687488774,
    "169": 449.3410509941259,
    "185": 600.034571446301,
    "187": 380.160947756297,
    "232": 355.1993321613314,
    "167": 387.07717876555694,
    "233": 658.1419085325964,
    "197": 384.1771481672075,
    "224": 420.5439429714039,
    "156": 526.5660046576784,
    "179": 410.92103991064886,
    "202": 406.4577418147907,
    "199": 660.6873520760108,
    "235": 559.0581773294856,
    "237": 607.0475763818811,
    "239": 607.8502297825386,
    "241": 550.7196919313549,
    "243": 434.5954839770231,
    "245": 546.8080313891678,
    "234": 551.2029279365246,
    "244": 344.76303288412873,
    "240": 557.7199340086819,
    "236": 510.7494891535865,
    "238": 371.06731287007295,
    "77": 494.56837728852366,
    "247": 621.8104426091114,
    "249": 353.5242061793559,
    "251": 599.5721628295878,
    "203": 590.4811945744865,
    "228": 468.6158270658627,
    "253": 510.9643901440991,
    "254": 615.2758645891342,
    "248": 398.00261810731973,
    "250": 498.7123848410485,
    "252": 402.1379307003436,
    "242": 509.72597028357325,
    "154": 418.13049712809976,
    "246": 399.89507000850523,
    "226": 544.8768811145812,
    "181": 579.6483841019933,
    "255": 617.6239672378704,
    "257": 497.2886513663791,
    "256": 435.8842393203218,
    "259": 464.76107747777286,
    "261": 497.2886513663791,
    "263": 601.3494194012758,
    "260": 442.36457260547814,
    "258": 508.50159788493085,
    "264": 522.3467760281428,
    "265": 540.4385813657952,
    "267": 431.8219568565285,
    "269": 533.8983711359333,
    "271": 532.8450517287135,
    "273": 531.6072486992924,
    "272": 429.3022461881104,